o_vert_lat,o_vert_lon,d_vert_lat,d_vert_lon,origin_vertiport_id,destination_vertiport_id
37.62137804373587,-122.37642734258601,37.37653849224963,-122.06570820587032,SFO,MV
37.37653849224963,-122.06570820587032,37.62137804373587,-122.37642734258601,MV,SFO