o_vert_lat,o_vert_lon,d_vert_lat,d_vert_lon,origin_vertiport_id,destination_vertiport_id
37.6213780437358,-122.376427342586,37.9381903031836,-121.350342496127,SFO,OAK
37.9381903031836,-121.350342496127,37.6213780437358,-122.376427342586,OAK,SFO
