o_vert_lat,o_vert_lon,d_vert_lat,d_vert_lon,origin_vertiport_id,destination_vertiport_id
37.62137804373587,-122.37642734258601,37.30565800080584,-121.85405613654036,SFO,SJ
37.30565800080584,-121.85405613654036,37.62137804373587,-122.37642734258601,SJ,SFO