o_vert_lat,o_vert_lon,d_vert_lat,d_vert_lon,origin_vertiport_id,destination_vertiport_id
33.9477885,-118.3740864,33.739981070012014, -117.91149845724678,LAX,DTLA
33.739981070012014, -117.91149845724678,33.9477885,-118.3740864,DTLA,LAX
