o_vert_lat,o_vert_lon,d_vert_lat,d_vert_lon,origin_vertiport_id,destination_vertiport_id
33.9477885,-118.3740864,34.9706001628668,-118.092138724371,LAX,LAX72
34.9706001628668,-118.092138724371,33.9477885,-118.3740864,LAX72,LAX
