o_vert_lat,o_vert_lon,d_vert_lat,d_vert_lon,origin_vertiport_id,destination_vertiport_id
34.05211,-118.25268,33.83694464,-117.9153643,DTLA,ANAHEIM
34.05211,-118.25268,33.94305010754884,-118.40678502696238,DTLA,LAX
33.83694464,-117.9153643,34.05211,-118.25268,ANAHEIM,DTLA
33.83694464,-117.9153643,33.94305010754884,-118.40678502696238,ANAHEIM,LAX
33.94305010754884,-118.40678502696238,34.05211,-118.25268,LAX,DTLA
33.94305010754884,-118.40678502696238,33.83694464,-117.9153643,LAX,ANAHEIM
