o_vert_lat,o_vert_lon,d_vert_lat,d_vert_lon,origin_vertiport_id,destination_vertiport_id
33.9477885,-118.3740864,34.6272347366533,-118.187443044229,LAX,LAX48
34.6272347366533,-118.187443044229,33.9477885,-118.3740864,LAX48,LAX
