o_vert_lat,o_vert_lon,d_vert_lat,d_vert_lon,origin_vertiport_id,destination_vertiport_id
37.620421335323286, -122.39588448702193,37.35888488813405, -121.93134583170949,SFO,SJC
37.35888488813405, -121.93134583170949,37.620421335323286, -122.39588448702193,SJC,SFO