o_vert_lat,o_vert_lon,d_vert_lat,d_vert_lon,origin_vertiport_id,destination_vertiport_id
37.62137804373587,-122.37642734258601,37.938190303183696,-121.35034249612761,SFO,STOCKTON
37.938190303183696,-121.35034249612761,37.62137804373587,-122.37642734258601,STOCKTON,SFO