o_vert_lat,o_vert_lon,d_vert_lat,d_vert_lon,origin_vertiport_id,destination_vertiport_id
37.62137804373587,-122.37642734258601,36.982595267999635,-122.03160194747954,SFO,SANTACRUZ
36.982595267999635,-122.03160194747954,37.62137804373587,-122.37642734258601,SANTACRUZ,SFO