o_vert_lat,o_vert_lon,d_vert_lat,d_vert_lon,origin_vertiport_id,destination_vertiport_id
33.9477885,-118.3740864,34.0456252502567,-118.266982925834,LAX,DTLA
34.0456252502567,-118.266982925834,33.9477885,-118.3740864,DTLA,LAX
