o_vert_lat,o_vert_lon,d_vert_lat,d_vert_lon,origin_vertiport_id,destination_vertiport_id
33.9477885,-118.3740864,34.2711747852442,-118.220544969058,LAX,LAX24
34.2711747852442,-118.220544969058,33.9477885,-118.3740864,LAX24,LAX
