o_vert_lat,o_vert_lon,d_vert_lat,d_vert_lon,vertiport_id,Location
37.871515,-122.264333,37.78802,-122.407557,0,sf
37.871515,-122.264333,37.608848,-122.386152,1,san mateo
37.871515,-122.264333,37.443808,-122.141808,2,palo alto