o_vert_lat,o_vert_lon,d_vert_lat,d_vert_lon,vertiport_id,Location
37.871515,-122.264333,37.78802,-122.407557,0,sf
37.871515,-122.264333,37.608848,-122.386152,1,san mateo
37.871515,-122.264333,37.443808,-122.141808,2,palo alto
37.871515,-122.264333,37.343606,-121.906107,3,san jose
37.871515,-122.264333,36.980735,-122.027529,4,santa cruz
37.871515,-122.264333,37.673415,-121.874887,5,plesanton
37.871515,-122.264333,37.73065,-121.443913,6,tracey
37.871515,-122.264333,38.586057,-121.461127,7,Sacramento